{"cameraMode":{"drawMode":0,"name":"Shaded","section":"Shading Mode"},"sceneLighting":true,"audioPlay":false,"sceneViewState":{"showFog":true,"showMaterialUpdate":true,"showSkybox":true,"showFlares":true,"showImageEffects":true,"showParticleSystems":true},"in2DMode":false,"pivot":{"x":-4.964422225952148,"y":12.411731719970704,"z":-52.43916320800781},"rotation":{"x":0.16700606048107148,"y":-0.048783183097839358,"z":0.008273559622466565,"w":0.984713613986969},"size":102.08948516845703,"orthographic":false}